{"_via_settings":{"ui":{"annotation_editor_height":25,"annotation_editor_fontsize":0.8,"leftsidebar_width":18,"image_grid":{"img_height":80,"rshape_fill":"none","rshape_fill_opacity":0.3,"rshape_stroke":"yellow","rshape_stroke_width":2,"show_region_shape":true,"show_image_policy":"all"},"image":{"region_label":"__via_region_id__","region_color":"__via_default_region_color__","region_label_font":"10px Sans","on_image_annotation_editor_placement":"NEAR_REGION"}},"core":{"buffer_size":18,"filepath":{},"default_filepath":""},"project":{"name":"00008008_027_Mask"}},"_via_img_metadata":{"00001075_024.png752981":{"filename":"00001075_024.png","size":752981,"regions":[{"shape_attributes":{"name":"polyline","all_points_x":[327,329,341,352,346,345,343,346,364,375,385,395,408,419,419,412,408,408,401,390,383,383,381,374,364,333,328,327],"all_points_y":[475,442,418,414,407,397,384,374,362,350,341,346,363,378,390,401,420,435,441,437,435,449,480,491,508,492,482,475]},"region_attributes":{}}],"file_attributes":{}},"00001787_008.png634478":{"filename":"00001787_008.png","size":634478,"regions":[],"file_attributes":{}},"00001836_082.png627878":{"filename":"00001836_082.png","size":627878,"regions":[{"shape_attributes":{"name":"polyline","all_points_x":[411,394,387,384,400,415,428,437,442,447,448,441,430,420,413,403],"all_points_y":[494,480,465,437,420,408,414,422,432,448,460,476,488,497,497,488]},"region_attributes":{}}],"file_attributes":{}},"00000830_000.png717550":{"filename":"00000830_000.png","size":717550,"regions":[{"shape_attributes":{"name":"polyline","all_points_x":[339,345,358,370,381,387,394,395,386,373,364,352,346,343,340,340,341],"all_points_y":[466,448,431,422,422,430,441,449,471,482,499,500,486,480,474,468,465]},"region_attributes":{}}],"file_attributes":{}},"00000902_001.png670223":{"filename":"00000902_001.png","size":670223,"regions":[{"shape_attributes":{"name":"polyline","all_points_x":[379,377,380,389,397,404,411,424,424,425,425,424,408,396,387,380,380],"all_points_y":[697,675,667,667,656,651,650,664,674,691,698,705,700,712,718,708,697]},"region_attributes":{}}],"file_attributes":{}},"00002106_000.png654361":{"filename":"00002106_000.png","size":654361,"regions":[{"shape_attributes":{"name":"polyline","all_points_x":[344,330,333,341,351,360,373,377,378,372,364,356,347,345,339],"all_points_y":[389,384,375,367,363,363,369,383,391,398,400,397,394,392,387]},"region_attributes":{}}],"file_attributes":{}},"00003440_000.png656386":{"filename":"00003440_000.png","size":656386,"regions":[{"shape_attributes":{"name":"polyline","all_points_x":[609,618,633,646,660,679,667,647,633,624,613,610,611],"all_points_y":[500,481,475,473,485,515,534,547,541,528,517,505,499]},"region_attributes":{}}],"file_attributes":{}},"00009669_003.png564865":{"filename":"00009669_003.png","size":564865,"regions":[],"file_attributes":{}},"00005532_019.png598940":{"filename":"00005532_019.png","size":598940,"regions":[{"shape_attributes":{"name":"polyline","all_points_x":[720,715,720,729,737,734,726,722],"all_points_y":[272,260,250,248,255,265,272,272]},"region_attributes":{}}],"file_attributes":{}},"00008008_027.png742865":{"filename":"00008008_027.png","size":742865,"regions":[{"shape_attributes":{"name":"polyline","all_points_x":[656,675,696,725,732,739,724,702,690,666,656,652,652,651,651,661],"all_points_y":[516,496,491,502,522,554,584,595,590,579,558,545,537,527,519,510]},"region_attributes":{}}],"file_attributes":{}}},"_via_attributes":{"region":{},"file":{}},"_via_data_format_version":"2.0.10","_via_image_id_list":["00001075_024.png752981","00001787_008.png634478","00001836_082.png627878","00000830_000.png717550","00000902_001.png670223","00002106_000.png654361","00003440_000.png656386","00009669_003.png564865","00005532_019.png598940","00008008_027.png742865"]}