{"_via_settings":{"ui":{"annotation_editor_height":25,"annotation_editor_fontsize":0.8,"leftsidebar_width":18,"image_grid":{"img_height":80,"rshape_fill":"none","rshape_fill_opacity":0.3,"rshape_stroke":"yellow","rshape_stroke_width":2,"show_region_shape":true,"show_image_policy":"all"},"image":{"region_label":"__via_region_id__","region_color":"__via_default_region_color__","region_label_font":"10px Sans","on_image_annotation_editor_placement":"NEAR_REGION"}},"core":{"buffer_size":18,"filepath":{},"default_filepath":""},"project":{"name":"00001836_082_Mask"}},"_via_img_metadata":{"00000902_001.png670223":{"filename":"00000902_001.png","size":670223,"regions":[{"shape_attributes":{"name":"polyline","all_points_x":[378,374,378,373,378,386,394,406,419,424,424,431,437,440,436,440,435,429,406,398,396,392,380],"all_points_y":[712,697,690,684,672,669,655,646,655,664,674,681,690,698,701,712,719,722,715,712,709,719,713]},"region_attributes":{}},{"shape_attributes":{"name":"polyline","all_points_x":[383,379,378],"all_points_y":[717,713,707]},"region_attributes":{}}],"file_attributes":{}},"00001075_024.png752981":{"filename":"00001075_024.png","size":752981,"regions":[{"shape_attributes":{"name":"polyline","all_points_x":[327,329,341,352,346,345,343,346,364,375,385,395,408,419,419,412,408,408,401,390,383,383,381,374,364,333,328,327],"all_points_y":[475,442,418,414,407,397,384,374,362,350,341,346,363,378,390,401,420,435,441,437,435,449,480,491,508,492,482,475]},"region_attributes":{}}],"file_attributes":{}},"00001787_008.png634478":{"filename":"00001787_008.png","size":634478,"regions":[],"file_attributes":{}},"00001836_082.png627878":{"filename":"00001836_082.png","size":627878,"regions":[{"shape_attributes":{"name":"polyline","all_points_x":[411,394,387,384,400,415,428,437,442,447,448,441,430,420,413,403],"all_points_y":[494,480,465,437,420,408,414,422,432,448,460,476,488,497,497,488]},"region_attributes":{}}],"file_attributes":{}}},"_via_attributes":{"region":{},"file":{}},"_via_data_format_version":"2.0.10","_via_image_id_list":["00000902_001.png670223","00001075_024.png752981","00001787_008.png634478","00001836_082.png627878"]}